<keymap version="1" name="XWin copy" parent="Default for XWin">
  <action id="ActivateCommitToolWindow" />
  <action id="Annotate">
    <keyboard-shortcut first-keystroke="ctrl alt a" />
  </action>
  <action id="ChangesView.AddUnversioned" />
  <action id="CloseContent">
    <keyboard-shortcut first-keystroke="ctrl f4" />
    <keyboard-shortcut first-keystroke="ctrl w" />
  </action>
  <action id="Console.History.Browse" />
  <action id="Console.Jdbc.BrowseHistory" />
  <action id="Diagram.DeselectAll" />
  <action id="EditorMatchBrace" />
  <action id="EditorSelectWord" />
  <action id="EditorUnSelectWord" />
  <action id="Git.Stage.Add" />
  <action id="GuiDesigner.ShrinkSelection" />
  <action id="Javascript.Linters.EsLint.Fix">
    <keyboard-shortcut first-keystroke="ctrl alt e" />
  </action>
  <action id="Maven.Reimport">
    <keyboard-shortcut first-keystroke="shift ctrl m" />
  </action>
  <action id="PerforceDirect.Edit" />
  <action id="RenameElement">
    <keyboard-shortcut first-keystroke="shift f6" />
    <keyboard-shortcut first-keystroke="alt r" />
  </action>
  <action id="SmartSelect" />
  <action id="SmartUnSelect" />
  <action id="TableResult.GrowSelection" />
  <action id="TableResult.ShrinkSelection" />
  <action id="ToggleFindInSelection" />
  <action id="com.sburlyaev.cmd.plugin.actions.OpenTerminal">
    <keyboard-shortcut first-keystroke="alt 0" />
  </action>
  <action id="hg4idea.add" />
</keymap>