<keymap version="1" name="Default for XWin copy" parent="Default for XWin">
  <action id="ActivateTerminalToolWindow">
    <keyboard-shortcut first-keystroke="alt 0" />
  </action>
  <action id="ChangesView.GroupBy.Module" />
  <action id="CloseContent">
    <keyboard-shortcut first-keystroke="ctrl w" />
  </action>
  <action id="Console.History.Browse" />
  <action id="EditorJoinLines" />
  <action id="EditorSelectWord" />
  <action id="ExtractFunction" />
  <action id="ExtractMethod" />
  <action id="InsertLiveTemplate" />
  <action id="Javascript.Linters.EsLint.Fix">
    <keyboard-shortcut first-keystroke="ctrl alt e" />
  </action>
  <action id="NewClass">
    <keyboard-shortcut first-keystroke="ctrl j" />
  </action>
  <action id="NewJavaScriptFile">
    <keyboard-shortcut first-keystroke="shift ctrl j" />
  </action>
  <action id="PerforceDirect.Edit" />
  <action id="RenameElement">
    <keyboard-shortcut first-keystroke="shift altGraph r" />
  </action>
  <action id="TodoViewGroupByShowModules" />
  <action id="XDebugger.MuteBreakpoints">
    <keyboard-shortcut first-keystroke="ctrl alt m" />
  </action>
  <action id="com.eslint">
    <keyboard-shortcut first-keystroke="ctrl alt r" />
  </action>
</keymap>